-- --------------------------------------------------------
-- 主机:                           127.0.0.1
-- 服务器版本:                        5.7.21-log - MySQL Community Server (GPL)
-- 服务器操作系统:                      Win64
-- HeidiSQL 版本:                  9.5.0.5264
-- --------------------------------------------------------

/*!40101 SET @OLD_CHARACTER_SET_CLIENT=@@CHARACTER_SET_CLIENT */;
/*!40101 SET NAMES utf8 */;
/*!50503 SET NAMES utf8mb4 */;
/*!40014 SET @OLD_FOREIGN_KEY_CHECKS=@@FOREIGN_KEY_CHECKS, FOREIGN_KEY_CHECKS=0 */;
/*!40101 SET @OLD_SQL_MODE=@@SQL_MODE, SQL_MODE='NO_AUTO_VALUE_ON_ZERO' */;


-- 导出 alyer 的数据库结构
DROP DATABASE IF EXISTS `alyer`;
CREATE DATABASE IF NOT EXISTS `alyer` /*!40100 DEFAULT CHARACTER SET utf8 */;
USE `alyer`;

-- 导出  表 alyer.qrtz_blob_triggers 结构
DROP TABLE IF EXISTS `qrtz_blob_triggers`;
CREATE TABLE IF NOT EXISTS `qrtz_blob_triggers` (
  `SCHED_NAME` varchar(120) NOT NULL,
  `TRIGGER_NAME` varchar(200) NOT NULL,
  `TRIGGER_GROUP` varchar(200) NOT NULL,
  `BLOB_DATA` blob,
  PRIMARY KEY (`SCHED_NAME`,`TRIGGER_NAME`,`TRIGGER_GROUP`),
  KEY `SCHED_NAME` (`SCHED_NAME`,`TRIGGER_NAME`,`TRIGGER_GROUP`),
  CONSTRAINT `qrtz_blob_triggers_ibfk_1` FOREIGN KEY (`SCHED_NAME`, `TRIGGER_NAME`, `TRIGGER_GROUP`) REFERENCES `qrtz_triggers` (`SCHED_NAME`, `TRIGGER_NAME`, `TRIGGER_GROUP`)
) ENGINE=InnoDB DEFAULT CHARSET=utf8;

-- 正在导出表  alyer.qrtz_blob_triggers 的数据：~0 rows (大约)
DELETE FROM `qrtz_blob_triggers`;
/*!40000 ALTER TABLE `qrtz_blob_triggers` DISABLE KEYS */;
/*!40000 ALTER TABLE `qrtz_blob_triggers` ENABLE KEYS */;

-- 导出  表 alyer.qrtz_calendars 结构
DROP TABLE IF EXISTS `qrtz_calendars`;
CREATE TABLE IF NOT EXISTS `qrtz_calendars` (
  `SCHED_NAME` varchar(120) NOT NULL,
  `CALENDAR_NAME` varchar(200) NOT NULL,
  `CALENDAR` blob NOT NULL,
  PRIMARY KEY (`SCHED_NAME`,`CALENDAR_NAME`)
) ENGINE=InnoDB DEFAULT CHARSET=utf8;

-- 正在导出表  alyer.qrtz_calendars 的数据：~0 rows (大约)
DELETE FROM `qrtz_calendars`;
/*!40000 ALTER TABLE `qrtz_calendars` DISABLE KEYS */;
/*!40000 ALTER TABLE `qrtz_calendars` ENABLE KEYS */;

-- 导出  表 alyer.qrtz_cron_triggers 结构
DROP TABLE IF EXISTS `qrtz_cron_triggers`;
CREATE TABLE IF NOT EXISTS `qrtz_cron_triggers` (
  `SCHED_NAME` varchar(120) NOT NULL,
  `TRIGGER_NAME` varchar(200) NOT NULL,
  `TRIGGER_GROUP` varchar(200) NOT NULL,
  `CRON_EXPRESSION` varchar(120) NOT NULL,
  `TIME_ZONE_ID` varchar(80) DEFAULT NULL,
  PRIMARY KEY (`SCHED_NAME`,`TRIGGER_NAME`,`TRIGGER_GROUP`),
  CONSTRAINT `qrtz_cron_triggers_ibfk_1` FOREIGN KEY (`SCHED_NAME`, `TRIGGER_NAME`, `TRIGGER_GROUP`) REFERENCES `qrtz_triggers` (`SCHED_NAME`, `TRIGGER_NAME`, `TRIGGER_GROUP`)
) ENGINE=InnoDB DEFAULT CHARSET=utf8;

-- 正在导出表  alyer.qrtz_cron_triggers 的数据：~4 rows (大约)
DELETE FROM `qrtz_cron_triggers`;
/*!40000 ALTER TABLE `qrtz_cron_triggers` DISABLE KEYS */;
INSERT INTO `qrtz_cron_triggers` (`SCHED_NAME`, `TRIGGER_NAME`, `TRIGGER_GROUP`, `CRON_EXPRESSION`, `TIME_ZONE_ID`) VALUES
	('AlyerScheduler', 'TASK_1', 'DEFAULT', '0 0/30 * * * ?', 'Asia/Shanghai'),
	('AlyerScheduler', 'TASK_2', 'DEFAULT', '0 0/30 * * * ?', 'Asia/Shanghai'),
	('RenrenScheduler', 'TASK_1', 'DEFAULT', '0 0/30 * * * ?', 'Asia/Shanghai'),
	('RenrenScheduler', 'TASK_2', 'DEFAULT', '0 0/30 * * * ?', 'Asia/Shanghai');
/*!40000 ALTER TABLE `qrtz_cron_triggers` ENABLE KEYS */;

-- 导出  表 alyer.qrtz_fired_triggers 结构
DROP TABLE IF EXISTS `qrtz_fired_triggers`;
CREATE TABLE IF NOT EXISTS `qrtz_fired_triggers` (
  `SCHED_NAME` varchar(120) NOT NULL,
  `ENTRY_ID` varchar(95) NOT NULL,
  `TRIGGER_NAME` varchar(200) NOT NULL,
  `TRIGGER_GROUP` varchar(200) NOT NULL,
  `INSTANCE_NAME` varchar(200) NOT NULL,
  `FIRED_TIME` bigint(13) NOT NULL,
  `SCHED_TIME` bigint(13) NOT NULL,
  `PRIORITY` int(11) NOT NULL,
  `STATE` varchar(16) NOT NULL,
  `JOB_NAME` varchar(200) DEFAULT NULL,
  `JOB_GROUP` varchar(200) DEFAULT NULL,
  `IS_NONCONCURRENT` varchar(1) DEFAULT NULL,
  `REQUESTS_RECOVERY` varchar(1) DEFAULT NULL,
  PRIMARY KEY (`SCHED_NAME`,`ENTRY_ID`),
  KEY `IDX_QRTZ_FT_TRIG_INST_NAME` (`SCHED_NAME`,`INSTANCE_NAME`),
  KEY `IDX_QRTZ_FT_INST_JOB_REQ_RCVRY` (`SCHED_NAME`,`INSTANCE_NAME`,`REQUESTS_RECOVERY`),
  KEY `IDX_QRTZ_FT_J_G` (`SCHED_NAME`,`JOB_NAME`,`JOB_GROUP`),
  KEY `IDX_QRTZ_FT_JG` (`SCHED_NAME`,`JOB_GROUP`),
  KEY `IDX_QRTZ_FT_T_G` (`SCHED_NAME`,`TRIGGER_NAME`,`TRIGGER_GROUP`),
  KEY `IDX_QRTZ_FT_TG` (`SCHED_NAME`,`TRIGGER_GROUP`)
) ENGINE=InnoDB DEFAULT CHARSET=utf8;

-- 正在导出表  alyer.qrtz_fired_triggers 的数据：~0 rows (大约)
DELETE FROM `qrtz_fired_triggers`;
/*!40000 ALTER TABLE `qrtz_fired_triggers` DISABLE KEYS */;
/*!40000 ALTER TABLE `qrtz_fired_triggers` ENABLE KEYS */;

-- 导出  表 alyer.qrtz_job_details 结构
DROP TABLE IF EXISTS `qrtz_job_details`;
CREATE TABLE IF NOT EXISTS `qrtz_job_details` (
  `SCHED_NAME` varchar(120) NOT NULL,
  `JOB_NAME` varchar(200) NOT NULL,
  `JOB_GROUP` varchar(200) NOT NULL,
  `DESCRIPTION` varchar(250) DEFAULT NULL,
  `JOB_CLASS_NAME` varchar(250) NOT NULL,
  `IS_DURABLE` varchar(1) NOT NULL,
  `IS_NONCONCURRENT` varchar(1) NOT NULL,
  `IS_UPDATE_DATA` varchar(1) NOT NULL,
  `REQUESTS_RECOVERY` varchar(1) NOT NULL,
  `JOB_DATA` blob,
  PRIMARY KEY (`SCHED_NAME`,`JOB_NAME`,`JOB_GROUP`),
  KEY `IDX_QRTZ_J_REQ_RECOVERY` (`SCHED_NAME`,`REQUESTS_RECOVERY`),
  KEY `IDX_QRTZ_J_GRP` (`SCHED_NAME`,`JOB_GROUP`)
) ENGINE=InnoDB DEFAULT CHARSET=utf8;

-- 正在导出表  alyer.qrtz_job_details 的数据：~4 rows (大约)
DELETE FROM `qrtz_job_details`;
/*!40000 ALTER TABLE `qrtz_job_details` DISABLE KEYS */;
INSERT INTO `qrtz_job_details` (`SCHED_NAME`, `JOB_NAME`, `JOB_GROUP`, `DESCRIPTION`, `JOB_CLASS_NAME`, `IS_DURABLE`, `IS_NONCONCURRENT`, `IS_UPDATE_DATA`, `REQUESTS_RECOVERY`, `JOB_DATA`) VALUES
	('AlyerScheduler', 'TASK_1', 'DEFAULT', NULL, 'com.alyer.modules.job.utils.ScheduleJob', '0', '0', '0', '0', _binary 0xACED0005737200156F72672E71756172747A2E4A6F62446174614D61709FB083E8BFA9B0CB020000787200266F72672E71756172747A2E7574696C732E537472696E674B65794469727479466C61674D61708208E8C3FBC55D280200015A0013616C6C6F77735472616E7369656E74446174617872001D6F72672E71756172747A2E7574696C732E4469727479466C61674D617013E62EAD28760ACE0200025A000564697274794C00036D617074000F4C6A6176612F7574696C2F4D61703B787001737200116A6176612E7574696C2E486173684D61700507DAC1C31660D103000246000A6C6F6164466163746F724900097468726573686F6C6478703F4000000000000C7708000000100000000174000D4A4F425F504152414D5F4B45597372002E636F6D2E616C7965722E6D6F64756C65732E6A6F622E656E746974792E5363686564756C654A6F62456E7469747900000000000000010200084C00086265616E4E616D657400124C6A6176612F6C616E672F537472696E673B4C000A63726561746554696D657400104C6A6176612F7574696C2F446174653B4C000E63726F6E45787072657373696F6E71007E00094C00056A6F6249647400104C6A6176612F6C616E672F4C6F6E673B4C000A6D6574686F644E616D6571007E00094C0006706172616D7371007E00094C000672656D61726B71007E00094C00067374617475737400134C6A6176612F6C616E672F496E74656765723B7870740008746573745461736B7372000E6A6176612E7574696C2E44617465686A81014B5974190300007870770800000158BAF593307874000E3020302F3330202A202A202A203F7372000E6A6176612E6C616E672E4C6F6E673B8BE490CC8F23DF0200014A000576616C7565787200106A6176612E6C616E672E4E756D62657286AC951D0B94E08B020000787000000000000000017400047465737474000672656E72656E74000FE69C89E58F82E695B0E6B58BE8AF95737200116A6176612E6C616E672E496E746567657212E2A0A4F781873802000149000576616C75657871007E0013000000007800),
	('AlyerScheduler', 'TASK_2', 'DEFAULT', NULL, 'com.alyer.modules.job.utils.ScheduleJob', '0', '0', '0', '0', _binary 0xACED0005737200156F72672E71756172747A2E4A6F62446174614D61709FB083E8BFA9B0CB020000787200266F72672E71756172747A2E7574696C732E537472696E674B65794469727479466C61674D61708208E8C3FBC55D280200015A0013616C6C6F77735472616E7369656E74446174617872001D6F72672E71756172747A2E7574696C732E4469727479466C61674D617013E62EAD28760ACE0200025A000564697274794C00036D617074000F4C6A6176612F7574696C2F4D61703B787001737200116A6176612E7574696C2E486173684D61700507DAC1C31660D103000246000A6C6F6164466163746F724900097468726573686F6C6478703F4000000000000C7708000000100000000174000D4A4F425F504152414D5F4B45597372002E636F6D2E616C7965722E6D6F64756C65732E6A6F622E656E746974792E5363686564756C654A6F62456E7469747900000000000000010200084C00086265616E4E616D657400124C6A6176612F6C616E672F537472696E673B4C000A63726561746554696D657400104C6A6176612F7574696C2F446174653B4C000E63726F6E45787072657373696F6E71007E00094C00056A6F6249647400104C6A6176612F6C616E672F4C6F6E673B4C000A6D6574686F644E616D6571007E00094C0006706172616D7371007E00094C000672656D61726B71007E00094C00067374617475737400134C6A6176612F6C616E672F496E74656765723B7870740008746573745461736B7372000E6A6176612E7574696C2E44617465686A81014B5974190300007870770800000158C377C4607874000E3020302F3330202A202A202A203F7372000E6A6176612E6C616E672E4C6F6E673B8BE490CC8F23DF0200014A000576616C7565787200106A6176612E6C616E672E4E756D62657286AC951D0B94E08B0200007870000000000000000274000574657374327074000FE697A0E58F82E695B0E6B58BE8AF95737200116A6176612E6C616E672E496E746567657212E2A0A4F781873802000149000576616C75657871007E0013000000017800),
	('RenrenScheduler', 'TASK_1', 'DEFAULT', NULL, 'io.renren.modules.job.utils.ScheduleJob', '0', '0', '0', '0', _binary 0xACED0005737200156F72672E71756172747A2E4A6F62446174614D61709FB083E8BFA9B0CB020000787200266F72672E71756172747A2E7574696C732E537472696E674B65794469727479466C61674D61708208E8C3FBC55D280200015A0013616C6C6F77735472616E7369656E74446174617872001D6F72672E71756172747A2E7574696C732E4469727479466C61674D617013E62EAD28760ACE0200025A000564697274794C00036D617074000F4C6A6176612F7574696C2F4D61703B787001737200116A6176612E7574696C2E486173684D61700507DAC1C31660D103000246000A6C6F6164466163746F724900097468726573686F6C6478703F4000000000000C7708000000100000000174000D4A4F425F504152414D5F4B45597372002E696F2E72656E72656E2E6D6F64756C65732E6A6F622E656E746974792E5363686564756C654A6F62456E7469747900000000000000010200084C00086265616E4E616D657400124C6A6176612F6C616E672F537472696E673B4C000A63726561746554696D657400104C6A6176612F7574696C2F446174653B4C000E63726F6E45787072657373696F6E71007E00094C00056A6F6249647400104C6A6176612F6C616E672F4C6F6E673B4C000A6D6574686F644E616D6571007E00094C0006706172616D7371007E00094C000672656D61726B71007E00094C00067374617475737400134C6A6176612F6C616E672F496E74656765723B7870740008746573745461736B7372000E6A6176612E7574696C2E44617465686A81014B5974190300007870770800000158BAF593307874000E3020302F3330202A202A202A203F7372000E6A6176612E6C616E672E4C6F6E673B8BE490CC8F23DF0200014A000576616C7565787200106A6176612E6C616E672E4E756D62657286AC951D0B94E08B020000787000000000000000017400047465737474000672656E72656E74000FE69C89E58F82E695B0E6B58BE8AF95737200116A6176612E6C616E672E496E746567657212E2A0A4F781873802000149000576616C75657871007E0013000000007800),
	('RenrenScheduler', 'TASK_2', 'DEFAULT', NULL, 'io.renren.modules.job.utils.ScheduleJob', '0', '0', '0', '0', _binary 0xACED0005737200156F72672E71756172747A2E4A6F62446174614D61709FB083E8BFA9B0CB020000787200266F72672E71756172747A2E7574696C732E537472696E674B65794469727479466C61674D61708208E8C3FBC55D280200015A0013616C6C6F77735472616E7369656E74446174617872001D6F72672E71756172747A2E7574696C732E4469727479466C61674D617013E62EAD28760ACE0200025A000564697274794C00036D617074000F4C6A6176612F7574696C2F4D61703B787001737200116A6176612E7574696C2E486173684D61700507DAC1C31660D103000246000A6C6F6164466163746F724900097468726573686F6C6478703F4000000000000C7708000000100000000174000D4A4F425F504152414D5F4B45597372002E696F2E72656E72656E2E6D6F64756C65732E6A6F622E656E746974792E5363686564756C654A6F62456E7469747900000000000000010200084C00086265616E4E616D657400124C6A6176612F6C616E672F537472696E673B4C000A63726561746554696D657400104C6A6176612F7574696C2F446174653B4C000E63726F6E45787072657373696F6E71007E00094C00056A6F6249647400104C6A6176612F6C616E672F4C6F6E673B4C000A6D6574686F644E616D6571007E00094C0006706172616D7371007E00094C000672656D61726B71007E00094C00067374617475737400134C6A6176612F6C616E672F496E74656765723B7870740008746573745461736B7372000E6A6176612E7574696C2E44617465686A81014B5974190300007870770800000158C377C4607874000E3020302F3330202A202A202A203F7372000E6A6176612E6C616E672E4C6F6E673B8BE490CC8F23DF0200014A000576616C7565787200106A6176612E6C616E672E4E756D62657286AC951D0B94E08B0200007870000000000000000274000574657374327074000FE697A0E58F82E695B0E6B58BE8AF95737200116A6176612E6C616E672E496E746567657212E2A0A4F781873802000149000576616C75657871007E0013000000017800);
/*!40000 ALTER TABLE `qrtz_job_details` ENABLE KEYS */;

-- 导出  表 alyer.qrtz_locks 结构
DROP TABLE IF EXISTS `qrtz_locks`;
CREATE TABLE IF NOT EXISTS `qrtz_locks` (
  `SCHED_NAME` varchar(120) NOT NULL,
  `LOCK_NAME` varchar(40) NOT NULL,
  PRIMARY KEY (`SCHED_NAME`,`LOCK_NAME`)
) ENGINE=InnoDB DEFAULT CHARSET=utf8;

-- 正在导出表  alyer.qrtz_locks 的数据：~2 rows (大约)
DELETE FROM `qrtz_locks`;
/*!40000 ALTER TABLE `qrtz_locks` DISABLE KEYS */;
INSERT INTO `qrtz_locks` (`SCHED_NAME`, `LOCK_NAME`) VALUES
	('RenrenScheduler', 'STATE_ACCESS'),
	('RenrenScheduler', 'TRIGGER_ACCESS');
/*!40000 ALTER TABLE `qrtz_locks` ENABLE KEYS */;

-- 导出  表 alyer.qrtz_paused_trigger_grps 结构
DROP TABLE IF EXISTS `qrtz_paused_trigger_grps`;
CREATE TABLE IF NOT EXISTS `qrtz_paused_trigger_grps` (
  `SCHED_NAME` varchar(120) NOT NULL,
  `TRIGGER_GROUP` varchar(200) NOT NULL,
  PRIMARY KEY (`SCHED_NAME`,`TRIGGER_GROUP`)
) ENGINE=InnoDB DEFAULT CHARSET=utf8;

-- 正在导出表  alyer.qrtz_paused_trigger_grps 的数据：~0 rows (大约)
DELETE FROM `qrtz_paused_trigger_grps`;
/*!40000 ALTER TABLE `qrtz_paused_trigger_grps` DISABLE KEYS */;
/*!40000 ALTER TABLE `qrtz_paused_trigger_grps` ENABLE KEYS */;

-- 导出  表 alyer.qrtz_scheduler_state 结构
DROP TABLE IF EXISTS `qrtz_scheduler_state`;
CREATE TABLE IF NOT EXISTS `qrtz_scheduler_state` (
  `SCHED_NAME` varchar(120) NOT NULL,
  `INSTANCE_NAME` varchar(200) NOT NULL,
  `LAST_CHECKIN_TIME` bigint(13) NOT NULL,
  `CHECKIN_INTERVAL` bigint(13) NOT NULL,
  PRIMARY KEY (`SCHED_NAME`,`INSTANCE_NAME`)
) ENGINE=InnoDB DEFAULT CHARSET=utf8;

-- 正在导出表  alyer.qrtz_scheduler_state 的数据：~0 rows (大约)
DELETE FROM `qrtz_scheduler_state`;
/*!40000 ALTER TABLE `qrtz_scheduler_state` DISABLE KEYS */;
INSERT INTO `qrtz_scheduler_state` (`SCHED_NAME`, `INSTANCE_NAME`, `LAST_CHECKIN_TIME`, `CHECKIN_INTERVAL`) VALUES
	('AlyerScheduler', 'DESKTOP-TGA5AQJ1540430293169', 1540430687370, 15000),
	('RenrenScheduler', 'DESKTOP-TGA5AQJ1540367315634', 1540368369370, 15000);
/*!40000 ALTER TABLE `qrtz_scheduler_state` ENABLE KEYS */;

-- 导出  表 alyer.qrtz_simple_triggers 结构
DROP TABLE IF EXISTS `qrtz_simple_triggers`;
CREATE TABLE IF NOT EXISTS `qrtz_simple_triggers` (
  `SCHED_NAME` varchar(120) NOT NULL,
  `TRIGGER_NAME` varchar(200) NOT NULL,
  `TRIGGER_GROUP` varchar(200) NOT NULL,
  `REPEAT_COUNT` bigint(7) NOT NULL,
  `REPEAT_INTERVAL` bigint(12) NOT NULL,
  `TIMES_TRIGGERED` bigint(10) NOT NULL,
  PRIMARY KEY (`SCHED_NAME`,`TRIGGER_NAME`,`TRIGGER_GROUP`),
  CONSTRAINT `qrtz_simple_triggers_ibfk_1` FOREIGN KEY (`SCHED_NAME`, `TRIGGER_NAME`, `TRIGGER_GROUP`) REFERENCES `qrtz_triggers` (`SCHED_NAME`, `TRIGGER_NAME`, `TRIGGER_GROUP`)
) ENGINE=InnoDB DEFAULT CHARSET=utf8;

-- 正在导出表  alyer.qrtz_simple_triggers 的数据：~0 rows (大约)
DELETE FROM `qrtz_simple_triggers`;
/*!40000 ALTER TABLE `qrtz_simple_triggers` DISABLE KEYS */;
/*!40000 ALTER TABLE `qrtz_simple_triggers` ENABLE KEYS */;

-- 导出  表 alyer.qrtz_simprop_triggers 结构
DROP TABLE IF EXISTS `qrtz_simprop_triggers`;
CREATE TABLE IF NOT EXISTS `qrtz_simprop_triggers` (
  `SCHED_NAME` varchar(120) NOT NULL,
  `TRIGGER_NAME` varchar(200) NOT NULL,
  `TRIGGER_GROUP` varchar(200) NOT NULL,
  `STR_PROP_1` varchar(512) DEFAULT NULL,
  `STR_PROP_2` varchar(512) DEFAULT NULL,
  `STR_PROP_3` varchar(512) DEFAULT NULL,
  `INT_PROP_1` int(11) DEFAULT NULL,
  `INT_PROP_2` int(11) DEFAULT NULL,
  `LONG_PROP_1` bigint(20) DEFAULT NULL,
  `LONG_PROP_2` bigint(20) DEFAULT NULL,
  `DEC_PROP_1` decimal(13,4) DEFAULT NULL,
  `DEC_PROP_2` decimal(13,4) DEFAULT NULL,
  `BOOL_PROP_1` varchar(1) DEFAULT NULL,
  `BOOL_PROP_2` varchar(1) DEFAULT NULL,
  PRIMARY KEY (`SCHED_NAME`,`TRIGGER_NAME`,`TRIGGER_GROUP`),
  CONSTRAINT `qrtz_simprop_triggers_ibfk_1` FOREIGN KEY (`SCHED_NAME`, `TRIGGER_NAME`, `TRIGGER_GROUP`) REFERENCES `qrtz_triggers` (`SCHED_NAME`, `TRIGGER_NAME`, `TRIGGER_GROUP`)
) ENGINE=InnoDB DEFAULT CHARSET=utf8;

-- 正在导出表  alyer.qrtz_simprop_triggers 的数据：~0 rows (大约)
DELETE FROM `qrtz_simprop_triggers`;
/*!40000 ALTER TABLE `qrtz_simprop_triggers` DISABLE KEYS */;
/*!40000 ALTER TABLE `qrtz_simprop_triggers` ENABLE KEYS */;

-- 导出  表 alyer.qrtz_triggers 结构
DROP TABLE IF EXISTS `qrtz_triggers`;
CREATE TABLE IF NOT EXISTS `qrtz_triggers` (
  `SCHED_NAME` varchar(120) NOT NULL,
  `TRIGGER_NAME` varchar(200) NOT NULL,
  `TRIGGER_GROUP` varchar(200) NOT NULL,
  `JOB_NAME` varchar(200) NOT NULL,
  `JOB_GROUP` varchar(200) NOT NULL,
  `DESCRIPTION` varchar(250) DEFAULT NULL,
  `NEXT_FIRE_TIME` bigint(13) DEFAULT NULL,
  `PREV_FIRE_TIME` bigint(13) DEFAULT NULL,
  `PRIORITY` int(11) DEFAULT NULL,
  `TRIGGER_STATE` varchar(16) NOT NULL,
  `TRIGGER_TYPE` varchar(8) NOT NULL,
  `START_TIME` bigint(13) NOT NULL,
  `END_TIME` bigint(13) DEFAULT NULL,
  `CALENDAR_NAME` varchar(200) DEFAULT NULL,
  `MISFIRE_INSTR` smallint(2) DEFAULT NULL,
  `JOB_DATA` blob,
  PRIMARY KEY (`SCHED_NAME`,`TRIGGER_NAME`,`TRIGGER_GROUP`),
  KEY `IDX_QRTZ_T_J` (`SCHED_NAME`,`JOB_NAME`,`JOB_GROUP`),
  KEY `IDX_QRTZ_T_JG` (`SCHED_NAME`,`JOB_GROUP`),
  KEY `IDX_QRTZ_T_C` (`SCHED_NAME`,`CALENDAR_NAME`),
  KEY `IDX_QRTZ_T_G` (`SCHED_NAME`,`TRIGGER_GROUP`),
  KEY `IDX_QRTZ_T_STATE` (`SCHED_NAME`,`TRIGGER_STATE`),
  KEY `IDX_QRTZ_T_N_STATE` (`SCHED_NAME`,`TRIGGER_NAME`,`TRIGGER_GROUP`,`TRIGGER_STATE`),
  KEY `IDX_QRTZ_T_N_G_STATE` (`SCHED_NAME`,`TRIGGER_GROUP`,`TRIGGER_STATE`),
  KEY `IDX_QRTZ_T_NEXT_FIRE_TIME` (`SCHED_NAME`,`NEXT_FIRE_TIME`),
  KEY `IDX_QRTZ_T_NFT_ST` (`SCHED_NAME`,`TRIGGER_STATE`,`NEXT_FIRE_TIME`),
  KEY `IDX_QRTZ_T_NFT_MISFIRE` (`SCHED_NAME`,`MISFIRE_INSTR`,`NEXT_FIRE_TIME`),
  KEY `IDX_QRTZ_T_NFT_ST_MISFIRE` (`SCHED_NAME`,`MISFIRE_INSTR`,`NEXT_FIRE_TIME`,`TRIGGER_STATE`),
  KEY `IDX_QRTZ_T_NFT_ST_MISFIRE_GRP` (`SCHED_NAME`,`MISFIRE_INSTR`,`NEXT_FIRE_TIME`,`TRIGGER_GROUP`,`TRIGGER_STATE`),
  CONSTRAINT `qrtz_triggers_ibfk_1` FOREIGN KEY (`SCHED_NAME`, `JOB_NAME`, `JOB_GROUP`) REFERENCES `qrtz_job_details` (`SCHED_NAME`, `JOB_NAME`, `JOB_GROUP`)
) ENGINE=InnoDB DEFAULT CHARSET=utf8;

-- 正在导出表  alyer.qrtz_triggers 的数据：~4 rows (大约)
DELETE FROM `qrtz_triggers`;
/*!40000 ALTER TABLE `qrtz_triggers` DISABLE KEYS */;
INSERT INTO `qrtz_triggers` (`SCHED_NAME`, `TRIGGER_NAME`, `TRIGGER_GROUP`, `JOB_NAME`, `JOB_GROUP`, `DESCRIPTION`, `NEXT_FIRE_TIME`, `PREV_FIRE_TIME`, `PRIORITY`, `TRIGGER_STATE`, `TRIGGER_TYPE`, `START_TIME`, `END_TIME`, `CALENDAR_NAME`, `MISFIRE_INSTR`, `JOB_DATA`) VALUES
	('AlyerScheduler', 'TASK_1', 'DEFAULT', 'TASK_1', 'DEFAULT', NULL, 1540431000000, -1, 5, 'WAITING', 'CRON', 1540375995000, 0, NULL, 2, _binary 0xACED0005737200156F72672E71756172747A2E4A6F62446174614D61709FB083E8BFA9B0CB020000787200266F72672E71756172747A2E7574696C732E537472696E674B65794469727479466C61674D61708208E8C3FBC55D280200015A0013616C6C6F77735472616E7369656E74446174617872001D6F72672E71756172747A2E7574696C732E4469727479466C61674D617013E62EAD28760ACE0200025A000564697274794C00036D617074000F4C6A6176612F7574696C2F4D61703B787001737200116A6176612E7574696C2E486173684D61700507DAC1C31660D103000246000A6C6F6164466163746F724900097468726573686F6C6478703F4000000000000C7708000000100000000174000D4A4F425F504152414D5F4B45597372002E636F6D2E616C7965722E6D6F64756C65732E6A6F622E656E746974792E5363686564756C654A6F62456E7469747900000000000000010200084C00086265616E4E616D657400124C6A6176612F6C616E672F537472696E673B4C000A63726561746554696D657400104C6A6176612F7574696C2F446174653B4C000E63726F6E45787072657373696F6E71007E00094C00056A6F6249647400104C6A6176612F6C616E672F4C6F6E673B4C000A6D6574686F644E616D6571007E00094C0006706172616D7371007E00094C000672656D61726B71007E00094C00067374617475737400134C6A6176612F6C616E672F496E74656765723B7870740008746573745461736B7372000E6A6176612E7574696C2E44617465686A81014B5974190300007870770800000158BAF593307874000E3020302F3330202A202A202A203F7372000E6A6176612E6C616E672E4C6F6E673B8BE490CC8F23DF0200014A000576616C7565787200106A6176612E6C616E672E4E756D62657286AC951D0B94E08B020000787000000000000000017400047465737474000672656E72656E74000FE69C89E58F82E695B0E6B58BE8AF95737200116A6176612E6C616E672E496E746567657212E2A0A4F781873802000149000576616C75657871007E0013000000007800),
	('AlyerScheduler', 'TASK_2', 'DEFAULT', 'TASK_2', 'DEFAULT', NULL, 1540377000000, -1, 5, 'PAUSED', 'CRON', 1540375996000, 0, NULL, 2, _binary 0xACED0005737200156F72672E71756172747A2E4A6F62446174614D61709FB083E8BFA9B0CB020000787200266F72672E71756172747A2E7574696C732E537472696E674B65794469727479466C61674D61708208E8C3FBC55D280200015A0013616C6C6F77735472616E7369656E74446174617872001D6F72672E71756172747A2E7574696C732E4469727479466C61674D617013E62EAD28760ACE0200025A000564697274794C00036D617074000F4C6A6176612F7574696C2F4D61703B787001737200116A6176612E7574696C2E486173684D61700507DAC1C31660D103000246000A6C6F6164466163746F724900097468726573686F6C6478703F4000000000000C7708000000100000000174000D4A4F425F504152414D5F4B45597372002E636F6D2E616C7965722E6D6F64756C65732E6A6F622E656E746974792E5363686564756C654A6F62456E7469747900000000000000010200084C00086265616E4E616D657400124C6A6176612F6C616E672F537472696E673B4C000A63726561746554696D657400104C6A6176612F7574696C2F446174653B4C000E63726F6E45787072657373696F6E71007E00094C00056A6F6249647400104C6A6176612F6C616E672F4C6F6E673B4C000A6D6574686F644E616D6571007E00094C0006706172616D7371007E00094C000672656D61726B71007E00094C00067374617475737400134C6A6176612F6C616E672F496E74656765723B7870740008746573745461736B7372000E6A6176612E7574696C2E44617465686A81014B5974190300007870770800000158C377C4607874000E3020302F3330202A202A202A203F7372000E6A6176612E6C616E672E4C6F6E673B8BE490CC8F23DF0200014A000576616C7565787200106A6176612E6C616E672E4E756D62657286AC951D0B94E08B0200007870000000000000000274000574657374327074000FE697A0E58F82E695B0E6B58BE8AF95737200116A6176612E6C616E672E496E746567657212E2A0A4F781873802000149000576616C75657871007E0013000000017800),
	('RenrenScheduler', 'TASK_1', 'DEFAULT', 'TASK_1', 'DEFAULT', NULL, 1540369800000, 1540368000000, 5, 'WAITING', 'CRON', 1539674000000, 0, NULL, 2, _binary 0xACED0005737200156F72672E71756172747A2E4A6F62446174614D61709FB083E8BFA9B0CB020000787200266F72672E71756172747A2E7574696C732E537472696E674B65794469727479466C61674D61708208E8C3FBC55D280200015A0013616C6C6F77735472616E7369656E74446174617872001D6F72672E71756172747A2E7574696C732E4469727479466C61674D617013E62EAD28760ACE0200025A000564697274794C00036D617074000F4C6A6176612F7574696C2F4D61703B787001737200116A6176612E7574696C2E486173684D61700507DAC1C31660D103000246000A6C6F6164466163746F724900097468726573686F6C6478703F4000000000000C7708000000100000000174000D4A4F425F504152414D5F4B45597372002E696F2E72656E72656E2E6D6F64756C65732E6A6F622E656E746974792E5363686564756C654A6F62456E7469747900000000000000010200084C00086265616E4E616D657400124C6A6176612F6C616E672F537472696E673B4C000A63726561746554696D657400104C6A6176612F7574696C2F446174653B4C000E63726F6E45787072657373696F6E71007E00094C00056A6F6249647400104C6A6176612F6C616E672F4C6F6E673B4C000A6D6574686F644E616D6571007E00094C0006706172616D7371007E00094C000672656D61726B71007E00094C00067374617475737400134C6A6176612F6C616E672F496E74656765723B7870740008746573745461736B7372000E6A6176612E7574696C2E44617465686A81014B5974190300007870770800000158BAF593307874000E3020302F3330202A202A202A203F7372000E6A6176612E6C616E672E4C6F6E673B8BE490CC8F23DF0200014A000576616C7565787200106A6176612E6C616E672E4E756D62657286AC951D0B94E08B020000787000000000000000017400047465737474000672656E72656E74000FE69C89E58F82E695B0E6B58BE8AF95737200116A6176612E6C616E672E496E746567657212E2A0A4F781873802000149000576616C75657871007E0013000000007800),
	('RenrenScheduler', 'TASK_2', 'DEFAULT', 'TASK_2', 'DEFAULT', NULL, 1539675000000, -1, 5, 'PAUSED', 'CRON', 1539674000000, 0, NULL, 2, _binary 0xACED0005737200156F72672E71756172747A2E4A6F62446174614D61709FB083E8BFA9B0CB020000787200266F72672E71756172747A2E7574696C732E537472696E674B65794469727479466C61674D61708208E8C3FBC55D280200015A0013616C6C6F77735472616E7369656E74446174617872001D6F72672E71756172747A2E7574696C732E4469727479466C61674D617013E62EAD28760ACE0200025A000564697274794C00036D617074000F4C6A6176612F7574696C2F4D61703B787001737200116A6176612E7574696C2E486173684D61700507DAC1C31660D103000246000A6C6F6164466163746F724900097468726573686F6C6478703F4000000000000C7708000000100000000174000D4A4F425F504152414D5F4B45597372002E696F2E72656E72656E2E6D6F64756C65732E6A6F622E656E746974792E5363686564756C654A6F62456E7469747900000000000000010200084C00086265616E4E616D657400124C6A6176612F6C616E672F537472696E673B4C000A63726561746554696D657400104C6A6176612F7574696C2F446174653B4C000E63726F6E45787072657373696F6E71007E00094C00056A6F6249647400104C6A6176612F6C616E672F4C6F6E673B4C000A6D6574686F644E616D6571007E00094C0006706172616D7371007E00094C000672656D61726B71007E00094C00067374617475737400134C6A6176612F6C616E672F496E74656765723B7870740008746573745461736B7372000E6A6176612E7574696C2E44617465686A81014B5974190300007870770800000158C377C4607874000E3020302F3330202A202A202A203F7372000E6A6176612E6C616E672E4C6F6E673B8BE490CC8F23DF0200014A000576616C7565787200106A6176612E6C616E672E4E756D62657286AC951D0B94E08B0200007870000000000000000274000574657374327074000FE697A0E58F82E695B0E6B58BE8AF95737200116A6176612E6C616E672E496E746567657212E2A0A4F781873802000149000576616C75657871007E0013000000017800);
/*!40000 ALTER TABLE `qrtz_triggers` ENABLE KEYS */;

-- 导出  表 alyer.schedule_job 结构
DROP TABLE IF EXISTS `schedule_job`;
CREATE TABLE IF NOT EXISTS `schedule_job` (
  `job_id` bigint(20) NOT NULL AUTO_INCREMENT COMMENT '任务id',
  `bean_name` varchar(200) DEFAULT NULL COMMENT 'spring bean名称',
  `method_name` varchar(100) DEFAULT NULL COMMENT '方法名',
  `params` varchar(2000) DEFAULT NULL COMMENT '参数',
  `cron_expression` varchar(100) DEFAULT NULL COMMENT 'cron表达式',
  `status` tinyint(4) DEFAULT NULL COMMENT '任务状态  0：正常  1：暂停',
  `remark` varchar(255) DEFAULT NULL COMMENT '备注',
  `create_time` datetime DEFAULT NULL COMMENT '创建时间',
  PRIMARY KEY (`job_id`)
) ENGINE=InnoDB AUTO_INCREMENT=3 DEFAULT CHARSET=utf8 COMMENT='定时任务';

-- 正在导出表  alyer.schedule_job 的数据：~2 rows (大约)
DELETE FROM `schedule_job`;
/*!40000 ALTER TABLE `schedule_job` DISABLE KEYS */;
INSERT INTO `schedule_job` (`job_id`, `bean_name`, `method_name`, `params`, `cron_expression`, `status`, `remark`, `create_time`) VALUES
	(1, 'testTask', 'test', 'renren', '0 0/30 * * * ?', 0, '有参数测试', '2016-12-01 23:16:46'),
	(2, 'testTask', 'test2', NULL, '0 0/30 * * * ?', 1, '无参数测试', '2016-12-03 14:55:56');
/*!40000 ALTER TABLE `schedule_job` ENABLE KEYS */;

-- 导出  表 alyer.schedule_job_log 结构
DROP TABLE IF EXISTS `schedule_job_log`;
CREATE TABLE IF NOT EXISTS `schedule_job_log` (
  `log_id` bigint(20) NOT NULL AUTO_INCREMENT COMMENT '任务日志id',
  `job_id` bigint(20) NOT NULL COMMENT '任务id',
  `bean_name` varchar(200) DEFAULT NULL COMMENT 'spring bean名称',
  `method_name` varchar(100) DEFAULT NULL COMMENT '方法名',
  `params` varchar(2000) DEFAULT NULL COMMENT '参数',
  `status` tinyint(4) NOT NULL COMMENT '任务状态    0：成功    1：失败',
  `error` varchar(2000) DEFAULT NULL COMMENT '失败信息',
  `times` int(11) NOT NULL COMMENT '耗时(单位：毫秒)',
  `create_time` datetime DEFAULT NULL COMMENT '创建时间',
  PRIMARY KEY (`log_id`),
  KEY `job_id` (`job_id`)
) ENGINE=InnoDB AUTO_INCREMENT=35 DEFAULT CHARSET=utf8 COMMENT='定时任务日志';

-- 正在导出表  alyer.schedule_job_log 的数据：~34 rows (大约)
DELETE FROM `schedule_job_log`;
/*!40000 ALTER TABLE `schedule_job_log` DISABLE KEYS */;
INSERT INTO `schedule_job_log` (`log_id`, `job_id`, `bean_name`, `method_name`, `params`, `status`, `error`, `times`, `create_time`) VALUES
	(1, 1, 'testTask', 'test', 'renren', 0, NULL, 1019, '2018-10-16 15:30:00'),
	(2, 1, 'testTask', 'test', 'renren', 0, NULL, 1023, '2018-10-16 16:00:00'),
	(3, 1, 'testTask', 'test', 'renren', 0, NULL, 1048, '2018-10-16 16:30:00'),
	(4, 1, 'testTask', 'test', 'renren', 0, NULL, 1038, '2018-10-16 17:00:00'),
	(5, 1, 'testTask', 'test', 'renren', 0, NULL, 1018, '2018-10-16 17:30:00'),
	(6, 1, 'testTask', 'test', 'renren', 0, NULL, 1044, '2018-10-17 10:00:00'),
	(7, 1, 'testTask', 'test', 'renren', 0, NULL, 1005, '2018-10-17 10:28:25'),
	(8, 1, 'testTask', 'test', 'renren', 0, NULL, 1004, '2018-10-17 10:30:00'),
	(9, 1, 'testTask', 'test', 'renren', 0, NULL, 1019, '2018-10-17 11:00:00'),
	(10, 1, 'testTask', 'test', 'renren', 0, NULL, 1014, '2018-10-17 11:30:00'),
	(11, 1, 'testTask', 'test', 'renren', 0, NULL, 1023, '2018-10-17 12:00:00'),
	(12, 1, 'testTask', 'test', 'renren', 0, NULL, 1021, '2018-10-17 12:30:00'),
	(13, 1, 'testTask', 'test', 'renren', 0, NULL, 1102, '2018-10-17 13:00:00'),
	(14, 1, 'testTask', 'test', 'renren', 0, NULL, 1019, '2018-10-17 13:30:00'),
	(15, 1, 'testTask', 'test', 'renren', 0, NULL, 1019, '2018-10-17 14:00:00'),
	(16, 1, 'testTask', 'test', 'renren', 0, NULL, 1033, '2018-10-18 18:00:00'),
	(17, 1, 'testTask', 'test', 'renren', 0, NULL, 1003, '2018-10-18 18:30:00'),
	(18, 1, 'testTask', 'test', 'renren', 0, NULL, 1025, '2018-10-22 17:30:00'),
	(19, 1, 'testTask', 'test', 'renren', 0, NULL, 1004, '2018-10-22 18:00:00'),
	(20, 1, 'testTask', 'test', 'renren', 0, NULL, 1043, '2018-10-23 09:00:00'),
	(21, 1, 'testTask', 'test', 'renren', 0, NULL, 1004, '2018-10-23 09:30:00'),
	(22, 1, 'testTask', 'test', 'renren', 0, NULL, 1020, '2018-10-23 10:00:00'),
	(23, 1, 'testTask', 'test', 'renren', 0, NULL, 1106, '2018-10-23 10:30:00'),
	(24, 1, 'testTask', 'test', 'renren', 0, NULL, 1012, '2018-10-23 11:00:00'),
	(25, 1, 'testTask', 'test', 'renren', 0, NULL, 1005, '2018-10-23 11:30:00'),
	(26, 1, 'testTask', 'test', 'renren', 0, NULL, 1004, '2018-10-23 12:00:00'),
	(27, 1, 'testTask', 'test', 'renren', 0, NULL, 1013, '2018-10-23 12:30:00'),
	(28, 1, 'testTask', 'test', 'renren', 0, NULL, 1029, '2018-10-23 13:00:00'),
	(29, 1, 'testTask', 'test', 'renren', 0, NULL, 1013, '2018-10-23 13:30:00'),
	(30, 1, 'testTask', 'test', 'renren', 0, NULL, 1029, '2018-10-23 14:00:00'),
	(31, 1, 'testTask', 'test', 'renren', 0, NULL, 1004, '2018-10-23 14:30:00'),
	(32, 1, 'testTask', 'test', 'renren', 0, NULL, 1007, '2018-10-23 15:00:00'),
	(33, 1, 'testTask', 'test', 'renren', 0, NULL, 1003, '2018-10-23 15:30:00'),
	(34, 1, 'testTask', 'test', 'renren', 0, NULL, 1008, '2018-10-24 16:00:00');
/*!40000 ALTER TABLE `schedule_job_log` ENABLE KEYS */;

-- 导出  表 alyer.sys_captcha 结构
DROP TABLE IF EXISTS `sys_captcha`;
CREATE TABLE IF NOT EXISTS `sys_captcha` (
  `uuid` char(36) NOT NULL COMMENT 'uuid',
  `code` varchar(6) NOT NULL COMMENT '验证码',
  `expire_time` datetime DEFAULT NULL COMMENT '过期时间',
  PRIMARY KEY (`uuid`)
) ENGINE=InnoDB DEFAULT CHARSET=utf8 COMMENT='系统验证码';

-- 正在导出表  alyer.sys_captcha 的数据：~2 rows (大约)
DELETE FROM `sys_captcha`;
/*!40000 ALTER TABLE `sys_captcha` DISABLE KEYS */;
INSERT INTO `sys_captcha` (`uuid`, `code`, `expire_time`) VALUES
	('154ddd8a-d48a-46ef-8e30-995469a99454', '442fm', '2018-10-16 15:46:36'),
	('54ebe967-41f4-47af-8b5c-e469792c500d', '4nce3', '2018-10-18 17:42:18');
/*!40000 ALTER TABLE `sys_captcha` ENABLE KEYS */;

-- 导出  表 alyer.sys_config 结构
DROP TABLE IF EXISTS `sys_config`;
CREATE TABLE IF NOT EXISTS `sys_config` (
  `id` bigint(20) NOT NULL AUTO_INCREMENT,
  `param_key` varchar(50) DEFAULT NULL COMMENT 'key',
  `param_value` varchar(2000) DEFAULT NULL COMMENT 'value',
  `status` tinyint(4) DEFAULT '1' COMMENT '状态   0：隐藏   1：显示',
  `remark` varchar(500) DEFAULT NULL COMMENT '备注',
  PRIMARY KEY (`id`),
  UNIQUE KEY `param_key` (`param_key`)
) ENGINE=InnoDB AUTO_INCREMENT=2 DEFAULT CHARSET=utf8 COMMENT='系统配置信息表';

-- 正在导出表  alyer.sys_config 的数据：~0 rows (大约)
DELETE FROM `sys_config`;
/*!40000 ALTER TABLE `sys_config` DISABLE KEYS */;
INSERT INTO `sys_config` (`id`, `param_key`, `param_value`, `status`, `remark`) VALUES
	(1, 'CLOUD_STORAGE_CONFIG_KEY', '{"type":1,"qiniuDomain":"http://7xqbwh.dl1.z0.glb.clouddn.com","qiniuPrefix":"upload","qiniuAccessKey":"NrgMfABZxWLo5B-YYSjoE8-AZ1EISdi1Z3ubLOeZ","qiniuSecretKey":"uIwJHevMRWU0VLxFvgy0tAcOdGqasdtVlJkdy6vV","qiniuBucketName":"ios-app","aliyunDomain":"","aliyunPrefix":"","aliyunEndPoint":"","aliyunAccessKeyId":"","aliyunAccessKeySecret":"","aliyunBucketName":"","qcloudDomain":"","qcloudPrefix":"","qcloudSecretId":"","qcloudSecretKey":"","qcloudBucketName":""}', 0, '云存储配置信息');
/*!40000 ALTER TABLE `sys_config` ENABLE KEYS */;

-- 导出  表 alyer.sys_log 结构
DROP TABLE IF EXISTS `sys_log`;
CREATE TABLE IF NOT EXISTS `sys_log` (
  `id` bigint(20) NOT NULL AUTO_INCREMENT,
  `username` varchar(50) DEFAULT NULL COMMENT '用户名',
  `operation` varchar(50) DEFAULT NULL COMMENT '用户操作',
  `method` varchar(200) DEFAULT NULL COMMENT '请求方法',
  `params` varchar(5000) DEFAULT NULL COMMENT '请求参数',
  `time` bigint(20) NOT NULL COMMENT '执行时长(毫秒)',
  `ip` varchar(64) DEFAULT NULL COMMENT 'IP地址',
  `create_date` datetime DEFAULT NULL COMMENT '创建时间',
  PRIMARY KEY (`id`)
) ENGINE=InnoDB AUTO_INCREMENT=6 DEFAULT CHARSET=utf8 COMMENT='系统日志';

-- 正在导出表  alyer.sys_log 的数据：~5 rows (大约)
DELETE FROM `sys_log`;
/*!40000 ALTER TABLE `sys_log` DISABLE KEYS */;
INSERT INTO `sys_log` (`id`, `username`, `operation`, `method`, `params`, `time`, `ip`, `create_date`) VALUES
	(1, 'admin', '保存角色', 'io.renren.modules.sys.controller.SysRoleController.save()', '[{"roleId":1,"roleName":"二级管理员","remark":"","createUserId":1,"menuIdList":[15,19,23,5,7,29,-666666,1,2,3,4,6],"createTime":"Oct 16, 2018 3:34:43 PM"}]', 139, '0:0:0:0:0:0:0:1', '2018-10-16 15:34:43'),
	(2, 'admin', '保存用户', 'io.renren.modules.sys.controller.SysUserController.save()', '[{"userId":2,"username":"zhangshengbo","password":"00b4d5fc1645c171aab992c6bb8809c5c43c502ba772d996f4124454c7a8dad4","salt":"kK9IwMDve6ZcOyHTL9Ij","email":"669434283@qq.com","mobile":"13670237526","status":1,"roleIdList":[1],"createUserId":1,"createTime":"Oct 16, 2018 3:41:14 PM"}]', 116, '0:0:0:0:0:0:0:1', '2018-10-16 15:41:14'),
	(3, 'admin', '立即执行任务', 'io.renren.modules.job.controller.ScheduleJobController.run()', '[[1]]', 93, '0:0:0:0:0:0:0:1', '2018-10-17 10:28:25'),
	(4, 'admin', '修改菜单', 'io.renren.modules.sys.controller.SysMenuController.update()', '[{"menuId":31,"parentId":1,"name":"商品管理","url":"business/goods","type":1,"icon":"zonghe","orderNum":6}]', 36, '0:0:0:0:0:0:0:1', '2018-10-17 10:30:46'),
	(5, 'admin', '修改菜单', 'io.renren.modules.sys.controller.SysMenuController.update()', '[{"menuId":36,"parentId":1,"name":"消费明细","url":"business/consumptiondetail","type":1,"icon":"tubiao","orderNum":6}]', 39, '0:0:0:0:0:0:0:1', '2018-10-17 10:31:09');
/*!40000 ALTER TABLE `sys_log` ENABLE KEYS */;

-- 导出  表 alyer.sys_menu 结构
DROP TABLE IF EXISTS `sys_menu`;
CREATE TABLE IF NOT EXISTS `sys_menu` (
  `menu_id` bigint(20) NOT NULL AUTO_INCREMENT,
  `parent_id` bigint(20) DEFAULT NULL COMMENT '父菜单ID，一级菜单为0',
  `name` varchar(50) DEFAULT NULL COMMENT '菜单名称',
  `url` varchar(200) DEFAULT NULL COMMENT '菜单URL',
  `perms` varchar(500) DEFAULT NULL COMMENT '授权(多个用逗号分隔，如：user:list,user:create)',
  `type` int(11) DEFAULT NULL COMMENT '类型   0：目录   1：菜单   2：按钮',
  `icon` varchar(50) DEFAULT NULL COMMENT '菜单图标',
  `order_num` int(11) DEFAULT NULL COMMENT '排序',
  PRIMARY KEY (`menu_id`)
) ENGINE=InnoDB AUTO_INCREMENT=42 DEFAULT CHARSET=utf8 COMMENT='菜单管理';

-- 正在导出表  alyer.sys_menu 的数据：~0 rows (大约)
DELETE FROM `sys_menu`;
/*!40000 ALTER TABLE `sys_menu` DISABLE KEYS */;
INSERT INTO `sys_menu` (`menu_id`, `parent_id`, `name`, `url`, `perms`, `type`, `icon`, `order_num`) VALUES
	(1, 0, '系统管理', NULL, NULL, 0, 'system', 0),
	(2, 1, '管理员列表', 'sys/user', NULL, 1, 'admin', 1),
	(3, 1, '角色管理', 'sys/role', NULL, 1, 'role', 2),
	(4, 1, '菜单管理', 'sys/menu', NULL, 1, 'menu', 3),
	(5, 1, 'SQL监控', 'http://localhost:8080/renren-fast/druid/sql.html', NULL, 1, 'sql', 4),
	(6, 1, '定时任务', 'job/schedule', NULL, 1, 'job', 5),
	(7, 6, '查看', NULL, 'sys:schedule:list,sys:schedule:info', 2, NULL, 0),
	(8, 6, '新增', NULL, 'sys:schedule:save', 2, NULL, 0),
	(9, 6, '修改', NULL, 'sys:schedule:update', 2, NULL, 0),
	(10, 6, '删除', NULL, 'sys:schedule:delete', 2, NULL, 0),
	(11, 6, '暂停', NULL, 'sys:schedule:pause', 2, NULL, 0),
	(12, 6, '恢复', NULL, 'sys:schedule:resume', 2, NULL, 0),
	(13, 6, '立即执行', NULL, 'sys:schedule:run', 2, NULL, 0),
	(14, 6, '日志列表', NULL, 'sys:schedule:log', 2, NULL, 0),
	(15, 2, '查看', NULL, 'sys:user:list,sys:user:info', 2, NULL, 0),
	(16, 2, '新增', NULL, 'sys:user:save,sys:role:select', 2, NULL, 0),
	(17, 2, '修改', NULL, 'sys:user:update,sys:role:select', 2, NULL, 0),
	(18, 2, '删除', NULL, 'sys:user:delete', 2, NULL, 0),
	(19, 3, '查看', NULL, 'sys:role:list,sys:role:info', 2, NULL, 0),
	(20, 3, '新增', NULL, 'sys:role:save,sys:menu:list', 2, NULL, 0),
	(21, 3, '修改', NULL, 'sys:role:update,sys:menu:list', 2, NULL, 0),
	(22, 3, '删除', NULL, 'sys:role:delete', 2, NULL, 0),
	(23, 4, '查看', NULL, 'sys:menu:list,sys:menu:info', 2, NULL, 0),
	(24, 4, '新增', NULL, 'sys:menu:save,sys:menu:select', 2, NULL, 0),
	(25, 4, '修改', NULL, 'sys:menu:update,sys:menu:select', 2, NULL, 0),
	(26, 4, '删除', NULL, 'sys:menu:delete', 2, NULL, 0),
	(27, 1, '参数管理', 'sys/config', 'sys:config:list,sys:config:info,sys:config:save,sys:config:update,sys:config:delete', 1, 'config', 6),
	(29, 1, '系统日志', 'sys/log', 'sys:log:list', 1, 'log', 7),
	(30, 1, '文件上传', 'oss/oss', 'sys:oss:all', 1, 'oss', 6),
	(31, 1, '商品管理', 'business/goods', NULL, 1, 'zonghe', 6),
	(32, 31, '查看', NULL, 'generator:goods:list,generator:goods:info', 2, NULL, 6),
	(33, 31, '新增', NULL, 'generator:goods:save', 2, NULL, 6),
	(34, 31, '修改', NULL, 'generator:goods:update', 2, NULL, 6),
	(35, 31, '删除', NULL, 'generator:goods:delete', 2, NULL, 6),
	(36, 1, '消费明细', 'business/consumptiondetail', NULL, 1, 'tubiao', 6),
	(37, 36, '查看', NULL, 'business:consumptiondetail:list,business:consumptiondetail:info', 2, NULL, 6),
	(38, 36, '新增', NULL, 'business:consumptiondetail:save', 2, NULL, 6),
	(39, 36, '修改', NULL, 'business:consumptiondetail:update', 2, NULL, 6),
	(40, 36, '删除', NULL, 'business:consumptiondetail:delete', 2, NULL, 6),
	(41, 1, '代码生成器', 'generator/index', NULL, 1, 'tubiao', 8);
/*!40000 ALTER TABLE `sys_menu` ENABLE KEYS */;

-- 导出  表 alyer.sys_oss 结构
DROP TABLE IF EXISTS `sys_oss`;
CREATE TABLE IF NOT EXISTS `sys_oss` (
  `id` bigint(20) NOT NULL AUTO_INCREMENT,
  `url` varchar(200) DEFAULT NULL COMMENT 'URL地址',
  `create_date` datetime DEFAULT NULL COMMENT '创建时间',
  PRIMARY KEY (`id`)
) ENGINE=InnoDB DEFAULT CHARSET=utf8 COMMENT='文件上传';

-- 正在导出表  alyer.sys_oss 的数据：~0 rows (大约)
DELETE FROM `sys_oss`;
/*!40000 ALTER TABLE `sys_oss` DISABLE KEYS */;
/*!40000 ALTER TABLE `sys_oss` ENABLE KEYS */;

-- 导出  表 alyer.sys_role 结构
DROP TABLE IF EXISTS `sys_role`;
CREATE TABLE IF NOT EXISTS `sys_role` (
  `role_id` bigint(20) NOT NULL AUTO_INCREMENT,
  `role_name` varchar(100) DEFAULT NULL COMMENT '角色名称',
  `remark` varchar(100) DEFAULT NULL COMMENT '备注',
  `create_user_id` bigint(20) DEFAULT NULL COMMENT '创建者ID',
  `create_time` datetime DEFAULT NULL COMMENT '创建时间',
  PRIMARY KEY (`role_id`)
) ENGINE=InnoDB AUTO_INCREMENT=2 DEFAULT CHARSET=utf8 COMMENT='角色';

-- 正在导出表  alyer.sys_role 的数据：~0 rows (大约)
DELETE FROM `sys_role`;
/*!40000 ALTER TABLE `sys_role` DISABLE KEYS */;
INSERT INTO `sys_role` (`role_id`, `role_name`, `remark`, `create_user_id`, `create_time`) VALUES
	(1, '二级管理员', NULL, 1, '2018-10-16 15:34:43');
/*!40000 ALTER TABLE `sys_role` ENABLE KEYS */;

-- 导出  表 alyer.sys_role_menu 结构
DROP TABLE IF EXISTS `sys_role_menu`;
CREATE TABLE IF NOT EXISTS `sys_role_menu` (
  `id` bigint(20) NOT NULL AUTO_INCREMENT,
  `role_id` bigint(20) DEFAULT NULL COMMENT '角色ID',
  `menu_id` bigint(20) DEFAULT NULL COMMENT '菜单ID',
  PRIMARY KEY (`id`)
) ENGINE=InnoDB AUTO_INCREMENT=13 DEFAULT CHARSET=utf8 COMMENT='角色与菜单对应关系';

-- 正在导出表  alyer.sys_role_menu 的数据：~0 rows (大约)
DELETE FROM `sys_role_menu`;
/*!40000 ALTER TABLE `sys_role_menu` DISABLE KEYS */;
INSERT INTO `sys_role_menu` (`id`, `role_id`, `menu_id`) VALUES
	(1, 1, 15),
	(2, 1, 19),
	(3, 1, 23),
	(4, 1, 5),
	(5, 1, 7),
	(6, 1, 29),
	(7, 1, -666666),
	(8, 1, 1),
	(9, 1, 2),
	(10, 1, 3),
	(11, 1, 4),
	(12, 1, 6);
/*!40000 ALTER TABLE `sys_role_menu` ENABLE KEYS */;

-- 导出  表 alyer.sys_user 结构
DROP TABLE IF EXISTS `sys_user`;
CREATE TABLE IF NOT EXISTS `sys_user` (
  `user_id` bigint(20) NOT NULL AUTO_INCREMENT,
  `username` varchar(50) NOT NULL COMMENT '用户名',
  `password` varchar(100) DEFAULT NULL COMMENT '密码',
  `salt` varchar(20) DEFAULT NULL COMMENT '盐',
  `email` varchar(100) DEFAULT NULL COMMENT '邮箱',
  `mobile` varchar(100) DEFAULT NULL COMMENT '手机号',
  `status` tinyint(4) DEFAULT NULL COMMENT '状态  0：禁用   1：正常',
  `create_user_id` bigint(20) DEFAULT NULL COMMENT '创建者ID',
  `create_time` datetime DEFAULT NULL COMMENT '创建时间',
  PRIMARY KEY (`user_id`),
  UNIQUE KEY `username` (`username`)
) ENGINE=InnoDB AUTO_INCREMENT=3 DEFAULT CHARSET=utf8 COMMENT='系统用户';

-- 正在导出表  alyer.sys_user 的数据：~0 rows (大约)
DELETE FROM `sys_user`;
/*!40000 ALTER TABLE `sys_user` DISABLE KEYS */;
INSERT INTO `sys_user` (`user_id`, `username`, `password`, `salt`, `email`, `mobile`, `status`, `create_user_id`, `create_time`) VALUES
	(1, 'admin', '9ec9750e709431dad22365cabc5c625482e574c74adaebba7dd02f1129e4ce1d', 'YzcmCZNvbXocrsz9dm8e', 'root@renren.io', '13612345678', 1, 1, '2016-11-11 11:11:11'),
	(2, 'zhangshengbo', '00b4d5fc1645c171aab992c6bb8809c5c43c502ba772d996f4124454c7a8dad4', 'kK9IwMDve6ZcOyHTL9Ij', '669434283@qq.com', '13670237526', 1, 1, '2018-10-16 15:41:14');
/*!40000 ALTER TABLE `sys_user` ENABLE KEYS */;

-- 导出  表 alyer.sys_user_role 结构
DROP TABLE IF EXISTS `sys_user_role`;
CREATE TABLE IF NOT EXISTS `sys_user_role` (
  `id` bigint(20) NOT NULL AUTO_INCREMENT,
  `user_id` bigint(20) DEFAULT NULL COMMENT '用户ID',
  `role_id` bigint(20) DEFAULT NULL COMMENT '角色ID',
  PRIMARY KEY (`id`)
) ENGINE=InnoDB AUTO_INCREMENT=2 DEFAULT CHARSET=utf8 COMMENT='用户与角色对应关系';

-- 正在导出表  alyer.sys_user_role 的数据：~0 rows (大约)
DELETE FROM `sys_user_role`;
/*!40000 ALTER TABLE `sys_user_role` DISABLE KEYS */;
INSERT INTO `sys_user_role` (`id`, `user_id`, `role_id`) VALUES
	(1, 2, 1);
/*!40000 ALTER TABLE `sys_user_role` ENABLE KEYS */;

-- 导出  表 alyer.sys_user_token 结构
DROP TABLE IF EXISTS `sys_user_token`;
CREATE TABLE IF NOT EXISTS `sys_user_token` (
  `user_id` bigint(20) NOT NULL,
  `token` varchar(100) NOT NULL COMMENT 'token',
  `expire_time` datetime DEFAULT NULL COMMENT '过期时间',
  `update_time` datetime DEFAULT NULL COMMENT '更新时间',
  PRIMARY KEY (`user_id`),
  UNIQUE KEY `token` (`token`)
) ENGINE=InnoDB DEFAULT CHARSET=utf8 COMMENT='系统用户Token';

-- 正在导出表  alyer.sys_user_token 的数据：~0 rows (大约)
DELETE FROM `sys_user_token`;
/*!40000 ALTER TABLE `sys_user_token` DISABLE KEYS */;
INSERT INTO `sys_user_token` (`user_id`, `token`, `expire_time`, `update_time`) VALUES
	(1, '61389cbb3c68d2040e43a1792e94f8a2', '2018-10-25 21:18:42', '2018-10-25 09:18:42'),
	(2, '4f446100f4594e1bb1ea58b6ce2a8bf0', '2018-10-19 05:38:10', '2018-10-18 17:38:10');
/*!40000 ALTER TABLE `sys_user_token` ENABLE KEYS */;

-- 导出  表 alyer.tb_consumption_detail 结构
DROP TABLE IF EXISTS `tb_consumption_detail`;
CREATE TABLE IF NOT EXISTS `tb_consumption_detail` (
  `detail_id` bigint(20) NOT NULL AUTO_INCREMENT COMMENT 'ID',
  `type` varchar(10) DEFAULT NULL COMMENT '类别',
  `name` varchar(50) DEFAULT NULL COMMENT '名称',
  `remark` varchar(500) DEFAULT NULL COMMENT '描述',
  `amount` decimal(10,2) DEFAULT NULL COMMENT '单价',
  `number` int(10) DEFAULT NULL COMMENT '数量',
  `total` decimal(10,2) DEFAULT NULL COMMENT '总计',
  PRIMARY KEY (`detail_id`)
) ENGINE=InnoDB DEFAULT CHARSET=utf8 COMMENT='消费明细';

-- 正在导出表  alyer.tb_consumption_detail 的数据：~0 rows (大约)
DELETE FROM `tb_consumption_detail`;
/*!40000 ALTER TABLE `tb_consumption_detail` DISABLE KEYS */;
/*!40000 ALTER TABLE `tb_consumption_detail` ENABLE KEYS */;

-- 导出  表 alyer.tb_goods 结构
DROP TABLE IF EXISTS `tb_goods`;
CREATE TABLE IF NOT EXISTS `tb_goods` (
  `goods_id` bigint(20) NOT NULL AUTO_INCREMENT,
  `name` varchar(50) DEFAULT NULL COMMENT '商品名',
  `intro` varchar(500) DEFAULT NULL COMMENT '介绍',
  `price` decimal(10,2) DEFAULT NULL COMMENT '价格',
  `num` int(11) DEFAULT NULL COMMENT '数量',
  PRIMARY KEY (`goods_id`)
) ENGINE=InnoDB AUTO_INCREMENT=2 DEFAULT CHARSET=utf8 COMMENT='商品管理';

-- 正在导出表  alyer.tb_goods 的数据：~0 rows (大约)
DELETE FROM `tb_goods`;
/*!40000 ALTER TABLE `tb_goods` DISABLE KEYS */;
/*!40000 ALTER TABLE `tb_goods` ENABLE KEYS */;

-- 导出  表 alyer.tb_user 结构
DROP TABLE IF EXISTS `tb_user`;
CREATE TABLE IF NOT EXISTS `tb_user` (
  `user_id` bigint(20) NOT NULL AUTO_INCREMENT,
  `username` varchar(50) NOT NULL COMMENT '用户名',
  `mobile` varchar(20) NOT NULL COMMENT '手机号',
  `password` varchar(64) DEFAULT NULL COMMENT '密码',
  `create_time` datetime DEFAULT NULL COMMENT '创建时间',
  PRIMARY KEY (`user_id`),
  UNIQUE KEY `username` (`username`)
) ENGINE=InnoDB AUTO_INCREMENT=2 DEFAULT CHARSET=utf8 COMMENT='用户';

-- 正在导出表  alyer.tb_user 的数据：~0 rows (大约)
DELETE FROM `tb_user`;
/*!40000 ALTER TABLE `tb_user` DISABLE KEYS */;
INSERT INTO `tb_user` (`user_id`, `username`, `mobile`, `password`, `create_time`) VALUES
	(1, 'mark', '13612345678', '8c6976e5b5410415bde908bd4dee15dfb167a9c873fc4bb8a81f6f2ab448a918', '2017-03-23 22:37:41');
/*!40000 ALTER TABLE `tb_user` ENABLE KEYS */;

/*!40101 SET SQL_MODE=IFNULL(@OLD_SQL_MODE, '') */;
/*!40014 SET FOREIGN_KEY_CHECKS=IF(@OLD_FOREIGN_KEY_CHECKS IS NULL, 1, @OLD_FOREIGN_KEY_CHECKS) */;
/*!40101 SET CHARACTER_SET_CLIENT=@OLD_CHARACTER_SET_CLIENT */;
